id;balance;customer_id;status
1345143636;362.04;1010015400;active
1996373170;6774.67;344582872;active
1283991628;17144.54;414902627;active
205024106;314.65;917242510;active
115083604;573.64;917242510;active
778261134;29.19;407412000;active
931538542;3252.69;620195177;active
993868993;33691.35;2021153788;active
1740251351;138.52;1621264774;active
1022844350;1000.81;980554544;active
42738162;43708.67;214193251;active
1514096189;2138.48;742831246;active
1733128665;26240.75;739537256;active
1582906562;10491.49;1934010286;active
1911976623;38945.13;1452605750;active
292225756;2592.86;1260315254;active
1259418359;4614.27;1260315254;active
1707418249;10788.1;748818308;active
1295482248;3360.23;688012689;active
468663180;3254.76;242707340;active
264718652;18197.88;2091671252;active
663382795;777;1576729130;active
217647541;1758.24;1576729130;active
1705523463;1228.2;1576729130;active
806042107;2310.42;2033385017;active
95055843;3715.37;2147092890;active
647455432;12746.46;1189248200;active
1403282652;3171.8;275204506;active
474886152;151.05;1621264774;active
1060454900;1189.08;1180865219;active
667906932;1343.96;1010015400;active
846205301;2341.04;1107089648;active
282613977;3752.77;45723583;active
602215703;916.9;1617969282;active
1296507889;3773.5;305042514;active
317861821;3715.28;1974784459;active
1029048249;254.15;1621264774;active
492046436;11751.66;242707340;active
798438204;35768.15;379791499;active
514685885;1563.4;1576729130;active
1286804225;573.1;1329813455;active
939293207;11626.86;482766888;active
1692207163;3766.97;2091671252;active
971448945;11574.67;515730077;active
687698240;4822.12;1180865219;active
2094428966;10054.71;739537256;active
698810454;14574.78;112721185;active
602308291;3121.54;1086311381;active
268316796;10776.85;748818308;active
119884505;1192.43;1905695414;active
488327633;8194.76;620195177;active
13124391;7064.4;680521880;active
146147208;1502.38;2091671252;active
2074570092;2238.29;1410955306;active
159535659;15699.82;515730077;active
1848784970;15487.95;1521768083;active
316086516;31273.55;1068886637;active
67927438;439.56;1996592474;active
809107684;870.23;625544569;active
674971225;1086.51;146418569;active
1929068102;175.18;643557038;active
100360442;4769.19;1994324416;active
311447906;687.45;1356390276;active
1953324161;383.14;1032943695;active
1999782053;11630.94;1958255943;active
1481077251;2185.81;855445826;active
254758457;168.99;615225915;active
673788115;365.71;643557038;active
1399458701;6037.44;2120097168;active
2018120501;284.29;1192434595;active
725234987;6747.22;1706932359;active
985558844;997.31;625544569;active
1846043225;4745.59;855445826;active
117661358;86.71;615225915;active
1104948781;228.49;643557038;active
307763196;5706.46;1333745440;active
563504292;45477.44;908308472;active
1332563217;347.03;1032943695;active
1257772915;1586.7;1706932359;active
58737320;18093.43;1249783929;active
1147606072;309.61;553932455;active
499524785;10372;1706932359;active
1908021884;13730.21;1807630708;active
1043402585;206.38;625544569;active
1750867784;284.64;702711856;active
1813927303;99.25;59229369;active
1356030758;7089.9;784728517;active
687754968;0;1488191421;closed
469370460;13603.39;1755627641;active
1945643895;14186.66;1755627641;active
921122676;2215.69;151346026;active
698103547;875.41;1874383316;active
1776694949;14919.23;1940386063;active
258300064;3844.08;1451925204;active
529169220;21581.28;1586165249;active
284449738;745.8;724498286;active
1409295605;7296.49;864951389;active
2129096695;3305.34;470265049;active
1312452157;3109.5;2074615553;active
2072398808;13073.99;1586165249;active
1756038454;10487.2;531716317;active
643630637;11638.48;1874383316;active
451958030;8988.42;864951389;active
1256662609;5506.76;1874383316;active
1431262429;2773.86;1874383316;active
1110315491;12268.5;785959505;active
65550617;10065.89;1940386063;active
957889141;4883.32;1746309502;active
225532006;1177.66;1383819647;active
845900610;3150.61;1120864438;active
465901232;28380.57;1755627641;active
1258109667;4140.52;1755627641;active
1745903868;3528.84;1755627641;active
85859260;10413.39;222262;active
1531250368;32305.69;151346026;active
136931575;2533.56;349970249;active
1436357211;3209.53;1126458258;active
599282496;11463.74;403033267;active
1046629543;1028;403033267;active
1480486791;6735.55;1097843520;active
851734379;560.18;973931257;active
951205708;137858.44;1569910563;active
566436940;1301.32;167466056;active
649334479;15398;381735849;active
1315180444;7342;1569910563;active
1759140424;247.51;1407655742;active
538583065;11970.47;1735671359;active
1386819832;3753.85;440086054;active
1326842279;6118.53;7325060;active
1540101235;177.12;1295988022;active
63723527;2114.11;102449127;active
2146981834;6998.83;2073762960;active
1069425472;2907.55;44207578;active
1009722605;853.8;477253319;active
376928472;3889.45;612840717;active
211704555;4443.07;305372763;active
805072981;27963.58;305372763;active
638124463;18987.74;1964084528;active
1081048563;24986.48;1097843520;active
520775319;5223.5;612840717;active
1676232709;728.28;1407655742;active
1810246494;5281;305372763;active
1750751003;9688.84;265882632;active
1614573881;0;848112285;closed
1393694026;0;763459992;closed
1074474243;8825.77;1211808778;active
1041442656;2751.81;1531011544;active
1204508368;23518.22;1264376046;active
1731731102;16887.17;237245352;active
323894153;14722.38;936901527;active
588997515;4626.84;1745847391;active
357131836;709.75;1238365356;active
1126451030;453.79;1104452106;active
608204018;3622.05;1264376046;active
170673996;1394.1;1264376046;active
1216568234;13205.38;993770166;active
464794599;0;672489122;closed
1709447554;4103.92;51811034;active
1877546132;40.12;1391034360;active
961172735;497.77;1104452106;active
1943486770;1183.9;836513765;active
779757367;1199.7;1264376046;active
1764699088;5210.25;936901527;active
750663144;23257.39;1419315220;active
40896111;35726.45;1336926574;active
1607795274;2005.11;470367971;active
1481058682;6433.26;1264376046;active
221274805;3318.79;257817363;active
1724198599;9132;1064914867;active
345577200;10010;1336926574;active
1686768799;6689.38;1390073651;active
1482377082;471.33;1145007471;active
631313790;3605.14;1552349190;active
942743986;641.99;1481047077;active
996364739;428.84;1901723138;active
459686965;3648.44;1453645618;active
2081317421;4915.89;2058339912;active
2097690082;27801.31;919174523;active
1782663243;7845.03;2031755274;active
1783981128;20737.23;1572114366;active
1902384343;3869.48;1572114366;active
1696403657;4746.77;1572114366;active
104429905;17006.44;1660032173;active
1687635819;10327.61;1552349190;active
1508907724;4462.21;746527351;active
97197477;504.97;154176624;active
1553600657;594.68;621950541;active
1382095763;23403.88;2023972253;active
231041284;365.99;2047227368;active
1564228260;795.94;1145007471;active
774246219;3624.47;325762942;active
728239980;3722.52;1182247182;active
3473635;12268.62;1572114366;active
1050829125;6967.78;1572114366;active
691945721;6030.18;155540087;active
574780965;224.28;1288030823;active
1285709743;1609.69;156035549;active
1289950736;2133.55;454427548;active
1262907909;369.32;303070680;active
728333360;575.68;627135517;active
983435506;9284.32;897030358;active
146873958;706.39;44369927;active
62747755;20829.43;472368889;active
62324773;920.37;777053530;active
480256599;969.64;1612169509;active
559768496;6160.69;897030358;active
522194507;1679.34;44369927;active
945448326;1526.65;454427548;active
1656645335;299.17;1288030823;active
500448478;196.35;295171697;active
2108516632;319.48;1539810630;active
25641793;313.69;637867649;active
484063671;0.08;1619902256;closed
1765282488;9526.85;1781088136;active
2110339404;139.87;777053530;active
88353240;563.26;777053530;active
1613301454;925.73;853934891;active
1596404883;2438.09;853934891;active
444860128;5428.59;279361380;active
894711367;5334.19;279361380;active
1030112535;23825.78;2042500246;active
1287788156;7301.63;391641116;active
1517044702;0;149848871;closed
1626358765;3714.99;1146005234;active
975913406;338.91;2098635375;active
517605714;3776.35;962051649;active
1814265510;616.58;429192343;active
1733185385;30808.51;1490537908;active
206515518;5160.21;1829175112;active
417937387;2413.58;88910347;active
34818309;21208.65;1986550149;active
957961920;40724.96;592057330;active
1846759381;18259;7099110;active
881548532;12778;1490537908;active
1890267669;237.1;635846173;active
532941047;28418.45;898108425;active
1650162812;759.75;1139102387;active
285813038;2262.56;1551159110;active
1054691579;634;1337495577;active
811617850;16054.57;429192343;active
2068397334;5694;1490537908;active
1682058247;4556.93;1526155926;active
1052902138;2929.27;1490537908;active
1476948182;31952.02;1894792294;active
1877354321;4591.71;88910347;active
1245975100;0;1539084640;closed
697532023;2801.37;1988613828;active
51213564;4846.05;965233697;active
1588142395;30556.88;592057330;active
2100511512;2913.61;785289134;active
2061836937;19414.98;1490537908;active
436605266;425.91;532197191;active
84631719;527.39;532197191;active
947978563;1010.37;984011991;active
1750993661;5266.03;1497414744;active
1330658569;2463.14;976835027;active
937243458;9742.69;1717621105;active
1173627914;3706.92;1709021571;active
27853506;174;2015437780;active
1537217131;337.89;2015437780;active
1041563819;13831.41;1642327198;active
620719619;1323.54;951792963;active
1093867625;1850.65;113694098;active
1695110013;3570.97;1954684628;active
41760588;144.14;474808703;active
428820447;3514.93;1954684628;active
2086615620;6058.71;1736662662;active
82719218;450.81;984011991;active
1186288007;41686.93;2103287077;active
476019221;12833.14;1709021571;active
754539495;434.77;1354318502;active
220023312;128.13;1354318502;active
2003132504;126.46;2015437780;active
544293011;23011.61;1525906508;active
2145085467;5009.38;320089245;active
1613912671;0;1801343391;closed
483479809;530.28;895119972;active
1523845270;7304.74;1086834463;active
257846705;13794.25;1657924704;active
1349195595;14076.1;1714708845;active
1356756356;124.92;1354318502;active
668080135;5086.6;1653698211;active
1822701458;1960.11;15422713;active
1659654990;3266.98;1945718694;active
765340353;184.81;474808703;active
871330152;2228.86;510936724;active
1839595705;1627.35;1841009610;active
1785601815;157.38;984011991;active
1358174554;14341.31;2103287077;active
67648396;15018.66;2071779387;active
565851869;4755;1709021571;active
1353870071;14656.91;1709021571;active
888344871;11417.22;1642327198;active
1259692968;16467.35;903941197;active
906117874;5152.81;903941197;active
752370696;1108.86;246556835;active
1016495218;16336.88;862781572;active
1953961243;728.88;1040860009;active
719718814;2385.25;1275150025;active
10516219;1836.57;162515796;active
1878808339;466.7;383382781;active
1362440031;15259.76;104413608;active
2132937788;1373.28;1881193901;active
1902248140;1137.17;162515796;active
1414753836;9098.73;1784905875;active
691435957;16160.8;1784905875;active
828859649;1565.1;30819287;active
661338362;1186.14;1227912831;active
144129442;6630.09;653435760;active
299525729;248.25;162515796;active
681973338;563.41;162515796;active
1572552646;3321.91;104413608;active
959450869;1709.16;1188070640;active
1531521651;5531.38;145016379;active
1930767078;540.09;2102605916;active
118245044;6653.2;448068655;active
1370388925;2190.73;1043489726;active
1093751138;19711.93;903941197;active
273183051;10022.48;903941197;active
654053586;4816.13;1040860009;active
930745779;41602;983998431;active
72374086;2058.27;698587204;active
297892040;29135.34;1031492650;active
664815282;32553.01;983593591;active
1563517913;5275.99;321453386;active
819534623;2738.07;1899102412;active
1781087432;7910.23;1350138537;active
1794968751;8703;1485528692;active
1181580381;2453.69;1877447757;active
1485533529;4871.38;1033261923;active
1094389566;12815.03;1350138537;active
776410098;18949.65;321453386;active
827488621;35084.72;1718841535;active
1983797826;8822.39;1337931338;active
1502237678;890.25;450828079;active
593524990;29919.98;1671287871;active
1707677088;17159.63;1430156145;active
2020034705;17394.25;1671287871;active
1803699593;939.25;2056823680;active
341135457;10002.72;536460091;active
1048798498;1422.59;371816211;active
552405698;9691.25;1898598683;active
1474064082;8832.02;511998747;active
1183849006;11229.46;1065786776;active
1309941839;28151.17;1285410643;active
1192428620;1096.36;1388930759;active
1653698211;35260.55;799682027;active
1005736464;1857.87;1351391659;active
1796168773;1046.51;2016381345;active
1054944427;913.47;549106127;active
141627640;7517.21;1285410643;active
66994230;4686.95;1195029360;active
855657683;8400.1;2016381345;active
771707468;0;996894372;closed
1245544100;10100.52;2016381345;active
1269834459;0;996894372;closed
1554272085;2187.45;140736326;active
2004688606;11682.74;463159089;active
822820522;1746.2;50830634;active
255941705;3519.45;799682027;active
75905542;17378.33;1395783133;active
1518210734;5948.22;998591721;active
1766001796;25740.94;1065786776;active
1552433065;3406;1352930513;active
1436513269;18670.33;939581917;active
709452696;0;996894372;closed
2145257547;2795.05;463159089;active
1146686213;36632.06;1294757233;active
1367944354;767.52;2016381345;active
1457205975;1910.66;2016381345;active
703536956;6978.43;998591721;active
159843700;1615.86;1958105482;active
723335668;9438.17;144539977;active
42557562;2022.75;375182694;active
1769746321;905.82;356388511;active
554713677;2981.83;216783872;active
1192692106;10136.54;1076247406;active
1955937241;10973.07;1076247406;active
947392375;1293.75;949227050;active
986207179;796.69;1368727627;active
2012948456;10026.4;104917988;active
270357215;6946.18;216783872;active
1333205486;1820.75;1807789783;active
1154295856;26653.78;1076247406;active
1431514312;1033.12;2086341025;active
822887911;2940.57;198576548;active
189820780;9601.55;983709026;active
742153452;3439.18;943909589;active
610534006;886.41;97573144;active
1463307714;43418.79;1409524482;active
1753617989;686.03;144539977;active
1281886317;5908.69;144539977;active
355548191;3905.58;2086341025;active
1221942530;1551.61;356388511;active
1320559670;365.17;1248499844;active
1563823123;3947.85;310160663;active
311691387;6541.84;1807789783;active
1629692217;1050.9;259196078;active
848911237;4010.06;1076247406;active
165099093;23935.69;918136304;active
1501772129;11831.05;315230393;active
8790410;1079.75;1410323507;active
1066802794;10124.88;963538236;active
1966621457;24074.99;1409524482;active
837644290;6154.87;375182694;active
947590782;13894.97;2113193593;active
1411594081;84689.43;786432967;active
926752318;20978.42;1076247406;active
1003908485;13526.41;1207053879;active
928524680;18438.59;315230393;active
465971356;8858.37;104917988;active
321995389;16756.55;1754099476;active
226380489;11896.37;175902567;active
1394438369;9422.11;1048500459;active
875324187;2576.33;1048500459;active
1743269957;2331.36;426189039;active
1109004446;1980.9;1050261899;active
1963599228;75.9;2054023222;active
755433518;6397.54;426189039;active
414267594;1835.85;444918767;active
1308716002;8108.58;2141972330;active
276503429;21135.37;2141972330;active
1383210797;4297.13;1050261899;active
526153966;4317.47;171622060;active
601977111;4480.6;1488406914;active
1278413091;2876.96;444918767;active
14039524;17966.01;1347664632;active
689853130;139.75;1779001201;active
1770656373;2485.29;917162864;active
185294309;4321.78;955726018;active
1899637629;475.6;30896344;active
1783846634;20928.7;1682337636;active
1574569995;1051.79;2093497273;active
1260138023;8224.8;2070670199;active
829431649;4334.7;2084998236;active
785535498;1962.24;333548824;active
1117212584;168767.45;516594325;active
727144203;0;949232427;closed
1637633098;287.04;814410584;active
708183258;425.01;38170942;active
1136684938;3807.93;1027345270;active
2074690821;11878.9;2019908266;active
1059683930;6749.55;1012179928;active
1811024472;1913.33;1597794527;active
794303470;1105.83;1850971046;active
1063085539;1903.05;764552731;active
1952931358;4035.05;2105631010;active
2107774067;491.5;38170942;active
2056343150;4454.6;1012179928;active
274880997;5641.16;1597794527;active
1164273746;6569.9;2032473181;active
1270578986;3063.57;1751187092;active
787965785;16231.32;1872342020;active
1928163388;3156.97;1328931383;active
1217020119;5719.53;772390043;active
1770282746;9937.58;1012179928;active
1083454247;296.52;763538180;active
115159877;34106.57;777883002;active
145569321;6897.53;433880920;active
131479825;513.82;1441299805;active
666400467;6401.96;1901978784;active
871176365;22237.21;697607205;active
2133615693;505.63;1051429039;active
745621234;326.01;1051429039;active
1754862841;561.31;1051429039;active
2071347984;3393.06;1957663876;active
257834875;23771.88;124057418;active
1138036363;15476.23;434712360;active
1251479963;1130.62;1843299188;active
1734960228;6528.17;1312202109;active
2084780309;50172.99;434712360;active
1667856094;0;1051429039;closed
495349449;9845.22;1155516492;active
577649950;10763.99;777883002;active
2080399064;506.77;1589012648;active
1767457175;6132.98;1843299188;active
937644302;530.92;1843299188;active
476909193;1406.48;639494833;active
201022793;1323.45;1512022841;active
1160937368;9958.73;666273046;active
539387652;9342.55;1602153914;active
1264019841;567.87;1315900696;active
1788157366;107.74;287729421;active
1931766483;9203.27;290123392;active
1773295526;30618.86;2005569722;active
845354611;24840.91;699363524;active
842614478;2685.79;149355295;active
1478961538;3767.66;666273046;active
769678076;11298.36;1043620231;active
1960738133;23661.06;666273046;active
891309267;25191.8;1242294989;active
2019114468;11917.83;1675348395;active
1462384214;3085.07;1135359886;active
360276779;5143.9;1453418539;active
1446603857;2386.8;1453418539;active
1131572993;842.84;287729421;active
984753010;3775.12;617290059;active
1780242303;4953;1333374974;active
659644018;2804.96;666273046;active
1602576082;4994.61;1239893671;active
1511597787;1440.33;1841907844;active
1546144807;19941.64;666273046;active
1319318128;23081.27;1675348395;active
308565823;3421.45;276040291;active
517884273;25686.94;228453744;active
254018931;2653.56;1663761776;active
773654583;11427.64;290123392;active
1373922558;11613.26;1691851212;active
2089448274;31857.71;527293888;active
1466918252;280.74;1946029889;active
1329159363;9201.13;564381965;active
752092411;1215.44;2000386087;active
2124821678;1231.03;2000386087;active
127560852;10461.12;243009431;active
300753409;23136.07;43986942;active
1571497922;6888.65;1564877487;active
2085171408;16568.55;1121089863;active
230128969;3723.1;1394725956;active
1559044447;9576.89;674866540;active
627260215;3203.99;944137730;active
1183193865;1979.9;2000386087;active
2000251838;1901.84;382521854;active
908883340;453.54;376723300;active
1538024618;3772.8;2003857503;active
804271086;5618.45;1315665973;active
45629744;1355.4;730105434;active
134168038;2972.22;2000386087;active
1876509790;1480.29;1031870844;active
1161893913;118.7;253811503;active
2140668287;5260.89;804403107;active
1212754824;3506.79;898651125;active
2114733544;4750.25;524225036;active
533407689;5760.46;524225036;active
1843817692;8230.33;462872065;active
2105033555;1627.95;1328667690;active
577773009;24147;2000460434;active
678115959;1094.67;253811503;active
723519876;559.2;253811503;active
1532961623;5112.18;1931928765;active
1815769443;225.02;516979140;active
688610161;7257.47;1506643651;active
1135545786;1691.46;1260433228;active
1539973637;22415.68;1260433228;active
411841189;4204.48;1931928765;active
1387463375;1850.49;1931928765;active
1442846019;8198.34;1931928765;active
606687642;14.06;516979140;active
499528209;3777.51;1239836778;active
1579509279;3099.1;1524409618;active
1755582056;4710.02;2000460434;active
2135773403;13024.85;1931928765;active
1447633683;11686.04;1743130028;active
839276694;0.01;193882550;closed
1914716657;549.62;516979140;active
1452353243;8900.87;2035715194;active
1110788277;101.45;355548191;active
503455144;732.73;1239836778;active
1311188874;0;932608675;closed
706896024;4023.89;1743130028;active
747849116;7216.31;1895805105;active
260855420;1478.4;524225036;active
293223487;5654.68;2000460434;active
607996924;9881.39;268982062;active
329019783;1174.37;1408032144;active
243020925;1294.3;508788538;active
2065123754;156.7;162600264;active
1489918240;748.48;162600264;active
1787837108;10849.8;1610001336;active
1567780924;14073.8;1893281302;active
1882659063;2312.31;1408032144;active
1698265118;343.54;162600264;active
178484601;2556.76;348934282;active
1289837726;15858.62;599851631;active
264850769;22718.96;599851631;active
1443300792;6401.65;370277143;active
822746199;1528.72;20380454;active
2048482106;3063.6;859245526;active
1103065247;1908.88;1572593707;active
1122975529;2815.51;1031888242;active
248973533;6216.12;1408032144;active
1548902766;6071.8;212329294;active
1053148;0;223760461;closed
312174985;0;162600264;closed
469045015;1150.22;249043466;active
2045840174;4264.02;1285054988;active
479539419;8024.72;359118883;active
620696813;3751.83;352692910;active
1116810940;307.07;2031880076;active
1266367838;1235.01;1157101624;active
1300064588;612.03;1285054988;active
1130235782;1285.47;511057384;active
206911856;2412.53;1279897361;active
1337358951;14793.66;614830174;active
384121870;692.99;27853506;active
1221862749;12784.44;1995295498;active
819411649;1086.37;1484520444;active
137108154;8791.38;1285054988;active
1533955733;6833.3;1610659275;active
451354480;1143.14;533182204;active
787046847;3258.07;186830849;active
551508003;12874.3;2093074861;active
889979941;3654.23;2052352519;active
745434300;14824.62;2012536318;active
2137487599;9508.41;1188643638;active
1598842905;1021.16;1188643638;active
109339033;2839.76;984957369;active
732051554;13576.82;1562174047;active
2068654425;49612.26;1401962598;active
178536530;10732.99;1577502738;active
353977257;1299.63;571623390;active
258091612;33949.45;1461449796;active
784038974;2240.15;651745558;active
1033050657;518.16;2101721858;active
238059038;9575.73;543223669;active
1387878169;552.41;1986964135;active
2022380014;1264.96;984957369;active
2033190614;22160.34;1401962598;active
1281369442;7363.55;1280195448;active
1170892172;7959.94;1280743549;active
1339755423;2763.97;2101721858;active
989932925;974.24;685202005;active
468277173;39532.74;965191346;active
678511382;14655.51;1401962598;active
2029482834;59267.94;1401962598;active
671944095;0;775011945;closed
103307948;36086.29;507936726;active
1471315765;2125.17;2012536318;active
147403011;586.21;70575009;active
1126983267;4580.34;2037685255;active
1385252189;79.98;1964297225;active
1455038950;7443.16;2084324397;active
786371964;997.65;912659910;active
1056340583;12169.2;1869253147;active
172623304;1113.65;1299769035;active
481697239;96.4;2133350130;active
501117762;4254.06;1252836798;active
962092221;8974.76;1210258029;active
1629902056;7170.08;1645268432;active
849243406;2639.38;636253469;active
1348354117;764.43;1645268432;active
1408058062;1370.22;586722681;active
1155137605;2161.19;2037685255;active
264843558;2541.67;1483397229;active
1694703998;3409.93;1483397229;active
338319335;19407.84;2087049433;active
1709460116;8706.45;168368023;active
610494219;10515.99;912659910;active
1594827422;1475.65;1888293580;active
1831824408;9122.79;1571677413;active
1415516375;473.93;2037685255;active
70529069;2072.15;1544143580;active
1521318734;757.07;122601800;active
1312713510;6431.09;122601800;active
1078611612;8083.96;2119896112;active
140193754;16600.11;1365544852;active
140916145;4558.02;1998968417;active
320631769;4348.33;2072725370;active
437395248;8382.26;1986683434;active
680877486;10215;1422056763;active
215510554;5681.95;860198540;active
574308214;3794.38;986204167;active
574041451;5069.13;1013138979;active
2117749438;763.55;122601800;active
2099338540;25164.55;122601800;active
1035600764;3180.11;1998968417;active
1809522449;2395.95;1307208173;active
938354989;6427.15;986204167;active
426532037;5120.79;787537012;active
1691952088;32023.39;969671518;active
389822292;20052.91;1739222425;active
333868484;8748.15;1955930588;active
1348538799;0;1225468317;closed
89415210;1102.07;500204710;active
463752885;23389.37;2022391238;active
1374772782;442.03;2022391238;active
1134959627;2037.92;1906422059;active
969094883;9787.43;787537012;active
1587366394;36358.51;168117694;active
935266408;1934.7;2000125594;active
1502221293;1427.55;1746208616;active
1942122817;177.49;94466964;active
1016548276;109.45;94466964;active
1819810871;9912.09;1955930588;active
875121194;397.97;1955930588;active
57957186;987.03;1955930588;active
1040255673;2889.32;148996852;active
1207985665;11308.83;1837669046;active
733032089;48872.25;500204710;active
1934042444;13705.95;700935661;active
1091915017;18903.58;604305528;active
1318739503;13108.62;168117694;active
957031626;3839.41;94466964;active
1656709295;143.62;94466964;active
1234656158;242.86;1080295165;active
1464684483;852.18;461705620;active
2146728533;3050.41;1955930588;active
516521965;20447.99;2087371640;active
2111587645;9271.18;1958768433;active
1063148954;10934.21;604305528;active
627004763;261.79;94466964;active
1852639725;22930.08;1739222425;active
1644243125;6460.67;1955930588;active
960052346;1440.39;38132677;active
343629071;23661.97;2087371640;active
769150107;22974.77;2087371640;active
1003754698;23887.11;420527303;active
1012998926;8601.04;350596339;active
1002203097;829.16;1717301118;active
102463932;6757.52;1210875254;active
1293952409;727.91;821919662;active
1614356169;47458.62;790613214;active
1629912019;8656.37;1423531232;active
682517543;6966.27;420527303;active
1332173482;5016.15;1050056396;active
178261788;5741.69;790613214;active
495653225;1936.96;1210875254;active
154666942;25193.53;420527303;active
1866413097;2150.7;1990225748;active
1511992426;1852.67;753800951;active
2144229619;1589.74;1431365880;active
259130802;5530.51;420527303;active
1998150867;19892.03;753800951;active
1173768761;687.25;1050056396;active
418578787;4585.38;297412971;active
495994762;1069.79;1905778294;active
1057648060;12823.74;790613214;active
241849422;3877.26;790613214;active
1046479389;6748.84;620495400;active
158289189;3793.63;1765068632;active
1914636095;2792.99;446058276;active
1292594835;27878.68;1626208498;active
781661538;2786.64;821919662;active
62528128;126.15;1930776002;active
369436872;11000.56;1050056396;active
1930198250;3715.55;1041371930;active
1096817481;2503.8;1024858971;active
1809921684;18808.39;446058276;active
1208645366;36314.64;1302520837;active
1138098723;1178.78;118147200;active
219878325;2726.28;118147200;active
152121016;760.56;1615392954;active
931468310;476.79;1460746151;active
1413238222;2581.23;614220089;active
1615204108;2009.69;1822701458;active
1117021101;147.47;1427335930;active
1963667305;158.96;1435294926;active
1751991375;524.68;1435294926;active
48331497;4642.28;518344333;active
145046538;551.87;1852969029;active
1770285329;354.86;2074606689;active
1132731445;217.76;1427335930;active
1513843333;1446.3;1298665259;active
345378821;1575.28;53280638;active
549008377;670.57;1197351377;active
550649229;3387.15;565515496;active
934170791;23248.92;2104461487;active
278141067;1918.19;211367761;active
315317447;280.09;1435294926;active
619924668;952.94;1435294926;active
859965079;9483.68;1711930231;active
1504521687;7897.59;565515496;active
1803246818;14782.03;767926435;active
776692213;0;1545614138;closed
1505956021;11886.49;322917862;active
1035420135;637;2010898720;active
1875798287;9841.13;222548831;active
4412305;492.11;2012887964;active
1282816897;512.56;1545614138;active
346360287;3881.94;602498283;active
1835090855;3017.34;968855758;active
1273131966;0;1545614138;closed
1536366913;1805.5;602498283;active
2114745350;398.31;294088169;active
1360542637;20420.23;1298498510;active
1602169874;11915.35;926497135;active
1651713689;763.29;477189803;active
979700507;34411.15;1298498510;active
156702088;10938.05;1298498510;active
1362708293;63.79;2021126155;active
1119038845;17819.45;1378968434;active
1141784948;4388.86;1485104881;active
970489397;13176.64;222548831;active
2001603112;483.19;1545614138;active
1384723321;1824.5;1548834088;active
733368019;11795.57;759820560;active
543389195;7111.01;643704144;active
298785453;266.61;811699831;active
614342987;22962.34;145225900;active
1248135491;27168.53;1606309017;active
1019291189;9092.69;1303887411;active
679366857;4544.5;1303887411;active
1852724323;6140.22;330847033;active
1445489888;11623.8;746151766;active
1312718233;1911.99;1402484253;active
1168665661;3091.78;67631141;active
16543481;429.99;1294244024;active
672859370;1833.91;1548834088;active
1690121479;3110.05;504070110;active
697977733;4556.03;1352500923;active
1202471036;3063.82;643704144;active
1952273091;7799.4;1066003041;active
513226114;3392.94;436561181;active
594423914;2228.68;730505046;active
1055075324;50727.1;352435564;active
1820599466;20386.55;1419281965;active
2006661890;10298.66;1419281965;active
1399525257;6342.54;893585750;active
500311870;204.24;564210140;active
1036593305;1215.7;810733129;active
30695053;27316.18;759820560;active
513367327;1301.79;67631141;active
1446931291;149.9;811699831;active
897401097;1775.34;1331162018;active
1048327988;80138.82;2076236022;active
940449187;2848.02;2103186091;active
1491995203;103.82;1917340404;active
1952521537;4315.33;784703407;active
273108963;13099.71;1669603197;active
1108156983;4468.28;2009119242;active
1173101774;300.01;1145442936;active
1051950874;6574.83;1538222106;active
1573343960;7364.86;2009119242;active
2064472292;8105.28;1015044653;active
1340174741;4487.98;684151613;active
1118245866;7701.7;341193862;active
2020420441;129.1;1276171601;active
553612582;3022.36;1301050244;active
58676996;4741.7;1301050244;active
329395344;2672.07;1330438866;active
245116267;4334.97;333655359;active
1099446494;334.28;1917340404;active
736965614;1423.86;433703182;active
1213276946;6563.98;433703182;active
1439305986;328.24;1276171601;active
1322991952;35296.43;702887146;active
436753940;19184.46;1505172626;active
857352913;50243.17;964519718;active
612840717;104.91;734468693;active
88106612;1001.51;1505172626;active
1072382295;14193.56;684151613;active
1595765003;17998.26;341193862;active
742483895;1048.11;1225995156;active
2140172492;9880.29;38733169;active
1780493467;481.61;1145442936;active
1032132492;4965.95;286799400;active
150674841;317.12;1878670493;active
508460411;25548.94;1317191260;active
129007500;1163.98;924035284;active
457117698;2066.79;564601556;active
798362410;39996.65;800538127;active
1123553058;11121.84;1233408690;active
1909284412;527.37;1151994492;active
1889885287;2628.93;609178546;active
1954684628;11527.31;611484460;active
1212304174;11753.8;1317191260;active
1651191141;4106.8;1168343709;active
485126290;728.45;1970194017;active
974984245;943.53;1689087507;active
894703447;16648.88;2130665999;active
1241847339;3006.54;1096437551;active
1035862883;15184.85;1673865673;active
346039241;3584.72;609178546;active
1972519924;6054.99;609178546;active
1192062503;2996.02;611484460;active
541005859;3650.95;1317191260;active
1420258188;6721.95;1317191260;active
1026706627;2750.86;1168343709;active
72310004;9512.77;1168343709;active
478822932;5414.33;1620055894;active
1083146011;30349.43;1876379687;active
1159293847;331.35;1555435705;active
925697262;3371.55;2130665999;active
1641679200;9477.03;1081043078;active
547903888;5391.07;1983306913;active
1273444024;2435.14;865370992;active
581113717;14029.33;434526413;active
1891965244;434.35;983708691;active
1329348273;573.58;396994366;active
1936461052;160.68;396994366;active
354696033;1795.85;1219998481;active
1945649889;991.36;1148456244;active
1758941896;3756.04;1148456244;active
652178203;1599.58;1332474531;active
1667384113;0;1332474531;closed
644835107;871.15;434526413;active
126975392;1415.75;1234259875;active
1911359082;3835.04;322717576;active
405023990;8712.85;203635423;active
950741090;40.65;426644162;active
275780749;327.32;1737445955;active
980091035;19880.95;434526413;active
1161317285;813.5;426644162;active
2093096576;5688.69;618381896;active
1609332375;5274.1;434526413;active
91501052;1208.07;322717576;active
1204896983;5600.82;1811271570;active
1460349653;1008.38;1549942077;active
1578505746;2709.8;322717576;active
699426699;13520.97;322717576;active
1790643044;3957.88;321190074;active
1191138906;8487.57;1863329035;active
976304503;1692.43;2032540891;active
1717242253;3546.23;2032540891;active
1505520568;8847.45;1598481648;active
1596981899;13060.72;2041763359;active
1970822038;16083.18;1113400229;active
1702639631;844.17;1994614047;active
102005385;614.85;571545261;active
1767667379;295.66;562099247;active
1579835908;30135.31;1410939262;active
2060544850;7588.58;2032540891;active
472853405;2874.38;1043474552;active
2052135281;1877.1;1994614047;active
431037200;4088.82;1598481648;active
1624191669;3141.47;2041763359;active
574821143;2335.73;2041763359;active
84375950;15026.49;1689439313;active
207109509;2549.3;1077576610;active
644030952;43312.94;737481299;active
1643256650;6101.77;882423992;active
727583194;1727.14;1994614047;active
854097525;2698.27;826994081;active
178265770;28869.58;787618170;active
1937340190;20661.5;1024827206;active
239303372;9134.12;1598481648;active
1498893591;3026.79;1598481648;active
330962980;18953.45;2032540891;active
1885699006;4665.19;2032540891;active
301542748;1772.03;882423992;active
650083642;2169.39;1026555304;active
1068245764;3887.56;759646838;active
1859412060;1074.89;258666718;active
1015293702;6204.57;522548874;active
1928085779;2048.23;984312460;active
1257075296;7216.3;1585526223;active
8140214;18693.07;382533880;active
1245011125;601.86;1923940144;active
601954791;247.23;447950532;active
320621929;2652.14;1681890622;active
50616942;7679.02;932168772;active
1085498757;2023.96;50636641;active
681801960;0;1757161101;closed
32596352;664.59;504989537;active
1553754823;434.76;1681890622;active
1289714524;1481.4;1681890622;active
1539204582;20819.98;635499562;active
196740501;5884.16;522548874;active
712584682;14965.31;1419027892;active
270934718;1823.49;1716410477;active
1021776337;35418.64;249398704;active
933124626;11391.47;382533880;active
1542815535;1684.47;1585526223;active
974928593;577.61;942432957;active
257062456;1343.88;560787242;active
1578988445;1726.27;773286712;active
149780725;10414.29;674570621;active
1881492238;16099.75;1090602215;active
1576099010;12639.56;1647834520;active
897260840;15097.82;637446925;active
1641509528;217.03;1971023950;active
639576205;8690.16;270602936;active
242245728;5372.05;903109493;active
776019976;4639.96;1742291476;active
1658748816;17229.53;2123712507;active
381504281;109.04;240821440;active
2099856724;5823.31;240821440;active
1230045950;2704.19;123120525;active
576923747;5622.7;674570621;active
833584344;11726.44;1784051844;active
405745775;23246.9;1932866090;active
946542944;8087.58;1795890731;active
1011290203;866.14;1455678648;active
1653632346;28662.78;162115406;active
1583902077;15058.23;1935231160;active
1321672537;19750.37;1517695501;active
1142294735;9929.26;1517695501;active
1469479297;1208.13;1090602215;active
745695987;172.97;240821440;active
350494369;5684.82;462461537;active
688526387;4088.6;462461537;active
214193251;698.67;277279087;active
355668822;2191.95;956556744;active
77423279;352.36;956556744;active
168117694;16826.7;663016774;active
65757901;2646.7;1662890688;active
455430547;6873.77;1277384888;active
961961825;13512.21;4414517;active
107491390;35288.47;451639044;active
250110207;15937.76;220623040;active
188290514;9827.79;405239758;active
569314073;2591.58;220623040;active
1994477796;7730.82;438412109;active
1097011613;1292.89;1210447658;active
1170816709;837.97;381608611;active
2019517507;31773.09;1110061899;active
840388094;3173.84;1370766633;active
1637239342;4507;663016774;active
1927414686;34412.44;1277384888;active
1645224445;1335.23;1277384888;active
1958292892;11086.72;1425769268;active
326589522;157627.4;462461537;active
792736216;6470.24;1132090948;active
516973882;5037.53;405239758;active
763630141;25951.25;1974750891;active
2018115823;7344.71;1262139890;active
7869238;7720.16;1662890688;active
858474491;36594.47;244146483;active
1861943510;47008.72;1448112389;active
1278307428;5097.92;874199716;active
664304052;5768.16;1265134326;active
1519872611;31614.62;1416662261;active
1653556712;753.8;1427061092;active
2102883452;596.19;1427061092;active
1336410832;741.4;236231937;active
1418021231;4255.95;1060122407;active
363282210;19760.42;1788293234;active
1377517575;2490.19;1739746189;active
1291528537;8205.73;905970268;active
430927304;10679.42;859578808;active
547578763;4792;1053952480;active
1737625801;808.05;1789104204;active
1461341889;6344.44;666462481;active
426333880;4068.43;1727674079;active
621950541;9923;2083648751;active
856821740;1769.55;1915163787;active
1812084384;3943.29;1865461052;active
47854700;5808.77;1851212882;active
166734222;515.06;1281036084;active
764552731;2095.92;2083648751;active
251143547;8902.16;936983296;active
1906705289;2012.28;320683052;active
239546067;728.2;1653261668;active
1708594856;5281;2083648751;active
823623036;10255.83;859578808;active
95896593;2993.15;566707278;active
619586308;922.57;17321969;active
743127119;7242.22;576241391;active
2067227227;15091.66;1851212882;active
1739067772;8139.57;236231937;active
1323379095;21297.59;1788293234;active
1020530958;24215.91;347126145;active
1311530203;27906.59;952529435;active
1724343469;18875.52;890113582;active
2061452462;5295.77;1862306090;active
1527857020;8886.32;1809252864;active
534002657;8167.29;846486650;active
43331883;518.26;380679727;active
546918205;37740.72;1021131053;active
1329411028;13559.72;117661358;active
1055679257;3472.42;736616789;active
1133186345;6852.82;1805935100;active
1635592424;7073.43;1809252864;active
405954160;30291.42;1285583803;active
1745230708;124330.57;1099446494;active
309820649;20647.19;1021131053;active
1491936126;2835.79;1346776093;active
1282932802;2460.88;129287088;active
1904169779;4981.8;864260936;active
385186471;390.18;1970116857;active
564416002;2608.52;1601677661;active
885096232;3051.48;1089368648;active
469507503;4106.25;1148990460;active
840399121;6442.98;344024161;active
413801203;958.6;488036458;active
68119149;2123.28;2071098803;active
1460557191;7912.58;975178603;active
966293948;7770.02;1350248834;active
323910939;1479.61;2071098803;active
532696673;1929.6;1350248834;active
74935285;5827.32;1301928105;active
1504130716;7191.46;1907948604;active
812453100;10206.2;665727218;active
318654286;566.97;575923646;active
355618015;5652.86;1511361262;active
313159456;26867.63;1148990460;active
236735920;4516.34;2071098803;active
985362654;1337.82;575923646;active
1330647883;7864.38;1161058230;active
1964323872;5028.25;2062917234;active
1826767257;198.14;63673146;active
1754743807;6249.97;2045042252;active
1663058933;1145.75;541282275;active
794436268;640.34;1334154955;active
336420757;18442.82;1505337664;active
1718954418;8623.33;1348356546;active
1944067784;29508.55;2017780975;active
1488419479;2886.6;749568275;active
1414352528;26961.4;1668621314;active
1607080636;8319.5;1288004172;active
1620013801;1191.6;427942797;active
291252212;8276.85;495720168;active
1532697944;7003.5;2045042252;active
1032352651;1040.81;541282275;active
1935758576;7886.46;154845496;active
602149332;408.12;541282275;active
925197232;655.53;1233602514;active
1657755904;7645.24;1743558961;active
1143080329;9187.62;1783525237;active
23092963;1832.21;572041261;active
1397504744;6926.71;1907929372;active
173218562;978.86;1334154955;active
1586828369;18563.31;859561239;active
434251071;11792.12;123290950;active
1289965266;3103.59;187776454;active
751633879;6813.45;1674931820;active
498483028;504.86;1034037635;active
1133918514;126.51;749568275;active
1964266661;2782.9;123290950;active
344945133;7743.7;1396055376;active
1041509899;4675.83;987416093;active
358446558;30171.12;382880333;active
1886278330;637.55;147276499;active
799423796;1253.85;85463089;active
212621559;2899.61;549934588;active
749958256;0;1205362113;closed
1526740471;14905.98;741121274;active
673926366;3086.86;1246610168;active
268452240;1112.14;1096686019;active
1230375981;8606.76;987416093;active
1894072225;876.38;987416093;active
273896329;6698.32;1161224577;active
147652931;1605.65;468827573;active
943805457;6449.09;1783981128;active
361440503;134.88;916185798;active
1432693614;2429.68;549934588;active
1766412860;11232.49;1251957567;active
1082534082;113.33;1096686019;active
650714119;3501.77;987416093;active
676011282;12712.77;1271378386;active
773857878;483.17;147276499;active
716122012;3239.59;1254737731;active
416812786;4867.42;1169811349;active
1676352338;7851.88;1554683555;active
1203793264;1729.44;1205362113;active
168572974;1309.67;1096686019;active
789409177;6316.28;987416093;active
983452165;10807.04;2116944324;active
1249120840;1549.54;1596370225;active
2048462549;771.02;1514771163;active
1548306954;4106.29;97907031;active
1202800026;0;2090750157;closed
1637575567;12030.67;1292236548;active
736758754;3744.76;918551157;active
647430376;20973.01;1526299688;active
1386690808;9924.22;1271232070;active
591528748;6769.77;1172603064;active
706810132;1406.59;1172603064;active
239563874;44.33;1794798916;active
1121455228;3225.1;194621175;active
1200772630;0;1625466843;closed
1609774577;607.51;989502871;active
969823722;21825.2;1822635935;active
600923287;20482.09;1209187950;active
1620798823;7605.67;442219914;active
1753096179;9859.22;442219914;active
2017531195;28847.47;1820080436;active
627327186;601;370349022;active
834099081;13452.17;1993445755;active
1389062922;987.46;757508361;active
784862977;279.63;2064463975;active
1864003195;6570.88;626667453;active
307709042;8446.85;770380254;active
1033272594;9159.6;442219914;active
1366165004;3772.05;495479659;active
1752845070;131.63;1794798916;active
1379875123;2932.66;1406887743;active
1880576268;1171.63;1010924495;active
520958752;2217.47;1399505535;active
1536129947;2699.24;757508361;active
21252392;3140.29;757508361;active
1867194732;19819.2;1977735604;active
2006545626;1006.36;1509684281;active
1292906075;790.11;1321997365;active
1581984189;22981.34;265671025;active
1688621762;335.22;1554314782;active
1553995833;21848.61;831029878;active
750481729;6625.04;1370384754;active
17505246;2587.51;247339605;active
517949131;1169.23;247339605;active
1806173469;378.85;1554314782;active
924059919;426.41;1629759816;active
1369517932;69.86;1629759816;active
922644604;661.7;1510113073;active
57156375;7496.59;2044740536;active
1092033102;328.92;1554314782;active
1842302478;14794.48;831029878;active
818161104;492.05;247339605;active
2038912423;2215.21;247339605;active
1810918882;1948.95;917295009;active
705965080;9871.64;1513171267;active
872509116;910.98;1217705516;active
1114793168;0;1214588973;closed
639437160;12559.16;266680840;active
1743093747;11850.98;2107620302;active
565398658;31841.17;2044740536;active
1693730200;9874.81;247339605;active
1309965615;1970.55;1394041902;active
983307929;26033.79;2015432505;active
229668654;10437.31;1822780656;active
1940869793;1024.36;314242039;active
1921740407;21199.86;831029878;active
920410231;35414.15;133326088;active
206667673;10273.44;831029878;active
352521138;1475.27;247339605;active
1229665596;2032.22;247339605;active
567826827;6548.57;899911361;active
1064663517;4064.55;1731045497;active
904927578;1521.83;1629759816;active
634655646;834.03;1700112755;active
648294577;191139.63;840905549;active
1372276202;366.39;2041223478;active
187656000;540.43;2041223478;active
601784239;4071.1;622197092;active
954154778;4526.87;84542107;active
255990732;771.35;2041223478;active
281109592;1043.26;629120355;active
370672739;6842.65;2145064900;active
1472425;265.8;2041223478;active
459298118;477.78;2041223478;active
477589341;11125.06;622197092;active
537398583;11706.98;698250640;active
1857101324;832.62;556458410;active
307319493;1045.5;1063441012;active
979445202;295.82;2041223478;active
1656757900;19759.54;698250640;active
1595757997;10923.53;2120384670;active
240257909;277;2041223478;active
1337554377;39967.33;629120355;active
519788232;882.28;1313984070;active
404231259;958.53;842663423;active
1518807082;2805.66;207391798;active
79439162;378.14;596126079;active
560806887;439.11;2041223478;active
29302107;24548.6;1799589623;active
612307037;9135.24;29157104;active
1725236683;1748.12;1866692943;active
463495596;1195.93;1828767227;active
97333977;575.74;295079515;active
1802521379;2060.81;733075446;active
690371174;856.47;625922488;active
988807584;2399.85;175526598;active
1635609329;11739.68;572280743;active
842686373;5027.19;922145574;active
1947733074;9701.37;160571375;active
629502160;8982.51;1828767227;active
1657669829;5419.4;62370177;active
2051095705;6182.43;295079515;active
631073563;812.03;410840652;active
2091339482;25690.7;869039518;active
1430541345;1299.04;175526598;active
1899982529;9219.4;454601941;active
258821132;2019.51;922145574;active
1393036711;19925.84;1966050304;active
1405558640;10619.39;1828767227;active
1025385625;4777.75;1280068523;active
1071581373;5732.14;740356661;active
45173953;1521.01;1748062413;active
1035878777;6073.03;1828767227;active
1859282150;878.89;1734426096;active
1773424957;2790.39;869039518;active
961488436;452.42;1404553065;active
646658679;330.46;2034732217;active
569857914;4667.63;28084471;active
2087982295;664.8;1920089615;active
1041696677;1587.77;1379494928;active
839414657;7649.92;910353778;active
1023553623;449.3;1821866285;active
297802117;2785.96;2034732217;active
158280581;258.17;2034732217;active
154956711;7622.03;384783931;active
884683822;21105.61;1540192638;active
1663830085;361.94;1791717366;active
576469054;1902.11;1791717366;active
449470272;40619.91;368604877;active
1233008626;7401.47;478358508;active
795085534;21618.16;224396432;active
1293634734;2513.85;910353778;active
83583735;2844.73;910353778;active
1336152684;3439.95;910353778;active
1174360666;5209.63;1704993287;active
590025589;8425.95;1570879059;active
1966035397;919.02;1193394567;active
1648776492;2184.18;281543549;active
1455518979;11429.64;281543549;active
2055029941;2668.37;281543549;active
1880194675;1078.33;1830815134;active
1435502652;1178.7;2034732217;active
400376319;6405.17;1193394567;active
1843402966;308.76;1791717366;active
1562730742;398.39;1469377950;active
1543777814;838.59;712374883;active
2056068514;6818.34;1287620060;active
191511954;3380.6;1287620060;active
1573021712;109.77;1774909025;active
894729765;463.95;1774909025;active
1530874816;16355.13;62850129;active
1442020202;3212.41;2081771258;active
957559742;20880.17;2134179281;active
727480814;16912.04;649490991;active
177805435;777.57;1346309367;active
78988165;21506;1430442473;active
2034392467;5311.39;62850129;active
557938542;63258.6;279021670;active
246942421;2781.7;2146760617;active
2106723643;1779.48;1287620060;active
1000829537;945.54;1355310398;active
300041885;8545.5;75441746;active
845836339;41248;1430442473;active
1401954839;20420.83;1430442473;active
1698766414;12227.02;1103875770;active
334587241;8046.76;1247903751;active
1130709640;4649.14;1355310398;active
1865240667;75958;1430442473;active
2133547710;0;1893556258;closed
1174475892;2101.84;1619039625;active
1314153387;917.53;648349152;active
1479966473;1425.64;969860574;active
1252096837;728.7;513367327;active
1046223787;385.06;1577863106;active
2053337819;100.36;338675261;active
1802261720;4897.14;1695809367;active
1146698796;559.56;1808650090;active
733833480;14448.58;236847864;active
271729206;78.07;338675261;active
350760126;14244.58;1405453807;active
415579362;8410.08;1405453807;active
414783455;714.5;552896588;active
1450342691;1283.59;556213753;active
380790828;15025.73;776522162;active
1571953990;2118.73;10380245;active
1430550654;1254.09;1261697614;active
1461874251;1171.94;1261697614;active
192293641;14788.22;7210175;active
721554328;1136.78;908708909;active
994803053;1007.86;1909275916;active
146948013;266.43;1041621843;active
1948338967;2322.41;1695809367;active
477568103;625.54;1808650090;active
2072725370;2429.37;683120706;active
1365264039;758.48;1860815428;active
1353202435;631.24;2113839566;active
1690462916;74375;450839838;active
1667839999;334.75;777346218;active
1114720531;630.72;939024921;active
994205192;2894.37;136391497;active
1393174774;4721.97;718627691;active
244521219;5236.19;1324051068;active
1799110709;1692.5;1530921241;active
883897970;1277.53;1196432064;active
1039102402;1938.37;847066711;active
270817624;340.87;939024921;active
206777837;758.21;1218890276;active
248333656;7352.87;106548659;active
1723233696;26050.85;294324932;active
670462692;4609.93;1581337572;active
1333138574;292.37;521808248;active
784486008;1235;303165220;active
466238468;6530.42;1218890276;active
973681231;8480.66;1218890276;active
412317419;1574.24;1013077903;active
1152799860;23080.9;294324932;active
130172279;1606.94;1581337572;active
1202742033;2786.09;1581337572;active
183451339;48253.54;718627691;active
2022518615;11565.42;1934723897;active
1823624765;9822.22;1407752650;active
843403461;13245.14;71118779;active
1406599927;1957.95;1676860358;active
1426681728;7812.71;9735264;active
1599548139;7313.59;1210407698;active
784217267;1898.21;553664204;active
537485478;19650.34;378790868;active
85070098;22733.24;2074493245;active
1722286300;139.63;1769116524;active
1473980346;25646.17;539857608;active
1346922185;711.63;1805494465;active
1909547767;4039.03;1298834176;active
1901265473;1000;349745989;active
13653311;41900.63;2102331450;active
685403544;9717.53;1757403384;active
1659711319;1433.87;71118779;active
465334963;1154.78;1326314712;active
848315228;1530.38;1326314712;active
699211953;56.13;1769116524;active
1642481381;589.87;1805494465;active
1348019574;249.79;1805494465;active
1148416088;3218.47;1686580031;active
99047317;464.92;1870227557;active
2120310203;568.38;378790868;active
1518284867;82.69;1769116524;active
608121952;272.37;2078353106;active
1276278640;893.83;1805494465;active
1996313809;244.77;1805494465;active
1515263481;12099.18;859695382;active
1386437198;13008.74;741040192;active
900166463;2896;378790868;active
256520781;14606.07;734446733;active
78998728;157.03;160807237;active
1126517703;1386.32;1932117690;active
10635486;11830.12;729512540;active
1382037207;3781.81;1106364443;active
422072138;748.62;1489883005;active
58394730;2961.98;2009485488;active
691691131;16890.14;734446733;active
1920359501;7426.12;314331305;active
356653956;20660.23;1705682827;active
2001994621;3028.8;843584466;active
550991743;9350.4;889508054;active
423585088;1513.35;889508054;active
401353479;1346.22;1786790159;active
925581019;775.7;1932117690;active
2052151854;1941.2;1932117690;active
70677227;494.91;160807237;active
1059006169;17853.41;1399969105;active
1518340653;5979.38;1705682827;active
113134169;435.01;973069063;active
434059176;29374.93;1778511551;active
996369454;4865.42;1453421304;active
1824533103;5551.01;842272931;active
1525050809;1896.23;2018148979;active
1526809202;251.22;160807237;active
1162942452;21972.93;2011868673;active
74401232;23023.43;208624248;active
1721637362;17206.13;186412308;active
2077173734;426.44;1914129346;active
199693785;599.62;889508054;active
1155929133;2063.36;628166793;active
1800235625;18211.61;1705682827;active
1182926374;2875.16;1106364443;active
1418359714;4250.82;1407809394;active
120456761;13443.52;1778511551;active
1626630324;15053.69;1563971821;active
21501269;5681.91;580769919;active
1656759380;6532.34;253719847;active
1100238800;921.5;1008140735;active
1298012259;5095.16;1563971821;active
1133399671;272.85;650464873;active
1782991022;13003.36;382930970;active
1830489680;6562.41;1936225651;active
1495674440;9678.43;399878673;active
1044261387;2591.33;2042097029;active
1455556549;31171.77;580769919;active
1957583201;4673.23;576052706;active
1568962584;20242.22;1563971821;active
74075799;6057.06;1563971821;active
740185900;1952.05;888549066;active
1766483598;4071.89;399878673;active
1777613713;24269.8;2042097029;active
1125153992;19385;1966742670;active
1216695367;6165.22;1296922789;active
1334473744;264.82;1272027312;active
1930246053;1450.99;1267718658;active
84566208;93.05;1286647353;active
7412043;3349.71;1776179252;active
63465718;24653.67;1776179252;active
1683257522;15300.54;1776179252;active
575414911;1194.17;1467124491;active
369886083;838.6;81842543;active
1987863714;6645.38;779867362;active
160985320;84.18;1286647353;active
919682818;3727.37;510810034;active
1893274799;9182.38;504275769;active
2004487905;932.87;1272027312;active
438777220;521.02;1467124491;active
217276749;2719.04;1866342280;active
556999146;2563.21;1267718658;active
408319838;3654.13;1776179252;active
986857553;3878.11;1923201232;active
1156981892;2275.98;1296922789;active
1443389054;257.53;1001366150;active
1525574773;466.99;294607216;active
2144238686;669.26;294607216;active
1081351932;384.24;294607216;active
213724951;1584.26;294607216;active
689921360;927.85;2120906205;active
691280374;159.23;619908456;active
365441891;964.77;636553876;active
1213288935;28033.22;376928472;active
495411358;38069.84;1619974208;active
1874204096;1635.4;1226270349;active
29641966;1007.66;294607216;active
1260548403;3884;2064352970;active
1133786334;7394.01;387640580;active
1723338558;308.65;294607216;active
80101262;160.79;294607216;active
342383717;282.1;294607216;active
855007645;425.65;294607216;active
1599804973;1257.52;960136666;active
1047018330;5595.67;420032400;active
1808294256;4268.29;1210236023;active
2055999373;232.07;1772911124;active
1091390039;14980.49;1816673995;active
2107838583;1000.14;1619974208;active
1593134986;619.31;969117058;active
1312494059;36.45;294607216;active
1638691115;519.71;294607216;active
2048873194;10486.86;206940660;active
409222858;358.21;842542714;active
1956523750;922.72;842542714;active
700843962;1610.83;960136666;active
974353612;1766.27;146567901;active
349664449;0;914339314;closed
662117497;39501.05;150878986;active
1851743697;2058.9;1226270349;active
1192312267;2671.88;1761752492;active
200636263;2826.27;1957308697;active
1005012538;2729.73;1484921361;active
102716988;8382.74;1381402973;active
463274607;2704.78;1747385088;active
128984106;2030.7;1081108019;active
1616514937;3912.79;99108601;active
1277449467;19599.23;2048170270;active
1159885333;46.13;1444360546;active
274363183;8334.16;1399049135;active
443632530;9769;1995896520;active
1600142263;18473.06;404552946;active
1669290932;10512.2;162305900;active
1645742229;15194.03;1874822359;active
1747214378;56;1444360546;active
861474597;366.86;1582125021;active
59459070;737.02;1231407439;active
669679106;122.38;1444360546;active
1569151706;9129.3;16709843;active
1069614851;7123.01;305893105;active
1693475111;22461.68;748940083;active
599224007;9558.59;1491244914;active
884544261;1040.21;1724247597;active
1152136188;2380.94;704680786;active
1726372886;3051.3;853172598;active
136130482;3736.51;853172598;active
1077034596;4238.56;1081664106;active
378863748;2696.33;194475929;active
19154785;56213.04;1394905948;active
356864554;63.45;194475929;active
139620994;156.26;194475929;active
479814852;4720;1494890601;active
1456829483;2245.37;1494890601;active
438712082;9232.33;1315256131;active
497422508;129.41;194475929;active
1745298334;1128.02;910592526;active
1607353022;934.57;194475929;active
206004240;90.7;194475929;active
1545879206;81.21;194475929;active
1418008042;5504.78;738146642;active
1943358617;86.42;194475929;active
1585514283;1974.59;1777426502;active
2084529701;5424;1267534847;active
1468148467;7187.34;1191854396;active
1756703537;7444.1;1269162573;active
448744116;43513.98;1368635009;active
492523922;537.37;465991114;active
725438396;1059.56;1263566172;active
86115390;1853.23;635754462;active
131222059;16109.03;959781453;active
2055553624;6213.61;1652186716;active
870461136;8013.97;1081664106;active
992945860;22487.09;427389361;active
1009476065;7943.51;1304882845;active
509816820;9194.86;337314814;active
1060057128;31208.67;1617031369;active
1947025315;4767.63;1181795878;active
1597179167;8886.17;587141334;active
926756238;11176.72;1324213254;active
811092686;15217.76;1074786310;active
1382350947;1941.28;690813748;active
125458924;39315.49;1108526949;active
1176325180;1984.7;75575824;active
543850157;3428.74;75575824;active
220205624;1451.95;2021999487;active
1053584450;17096.25;722247049;active
106186638;3841.51;1739919351;active
227572055;10469.39;973206994;active
1136591719;35556.94;410201408;active
455179600;2118.21;510282526;active
1113992475;8005.18;989292177;active
846690119;4457.84;1913780029;active
1836986161;14080.6;1181795878;active
358051039;1405.78;510282526;active
2064593753;7805.54;1919248093;active
1984236945;26022.63;2021999487;active
405896226;45286.23;563795131;active
595534952;4918.8;2129795918;active
561463415;27156.84;18496143;active
1402423485;180.84;872394773;active
1523212497;33251;2072016667;active
606166348;2652.35;917912359;active
1134760117;819.08;1371360654;active
1754797349;29336.83;1089247702;active
1080567332;815.1;1018900911;active
256318913;160.25;1552951875;active
805834577;540.01;1552951875;active
588725342;855.62;468845429;active
721566147;85.02;1763017085;active
463936172;879.58;872394773;active
1170569028;4122.48;2072016667;active
655954605;2862.58;2072016667;active
615276823;4134.94;2072016667;active
1152324093;1624.85;2072016667;active
1615951417;28427.71;1409484859;active
975850871;293.15;63111496;active
860777783;357.79;1552951875;active
2091073902;1660.06;701817544;active
1124539589;519.82;475578905;active
2107719483;483.78;1552951875;active
674396239;129.05;872394773;active
2138663128;701.64;872394773;active
1843527990;17639.34;2072016667;active
1973223525;5306.46;2072016667;active
980644102;15142.94;1371360654;active
541081281;2984.47;1852598249;active
2003201946;14168.02;563795131;active
1302095199;3395.02;1089247702;active
2112453760;338.02;54968516;active
277639477;1282.61;1968100935;active
2138783933;1958.67;2072016667;active
606351309;946.67;1552951875;active
127427444;11649.26;1371360654;active
294340246;23363.19;1371360654;active
357000985;258.8;1270796712;active
56428859;1753.47;1294026917;active
1751798989;1428.19;357176759;active
1661890279;9551.03;512978570;active
492926193;4528.01;1958796253;active
1163660323;6499.95;1073059871;active
368211824;498.2;1270796712;active
140445376;3948.43;206809146;active
1333273462;500.37;573336154;active
311123762;15429.96;1473538521;active
2075404442;20450.61;1473538521;active
359016722;3348.73;1195842706;active
285112209;15749.57;1538888940;active
1104682829;19797.26;690245516;active
608698904;31797.11;475600756;active
1162690934;48637.44;1246481654;active
394146536;483.4;573336154;active
1574516802;3642.94;1193447258;active
2007396248;10173.79;1405458089;active
2009819296;16870.11;838054861;active
1188370485;3598.69;838054861;active
473057442;2037.84;1473538521;active
1939473570;7971.56;1007004918;active
108753603;30545.38;1636933683;active
2046037895;6464.04;2036745586;active
170423269;49599.73;1588092543;active
379089701;843.46;830256074;active
2088588908;1628.17;117336285;active
1883658311;25120.51;1596475446;active
873224070;2472.6;1730712129;active
1241807213;765.13;1916938220;active
564604751;1514.15;1404477241;active
2114923416;1335.61;1954154025;active
1876296238;18937.93;41771532;active
1966476477;0;41771532;closed
1266615503;6815.45;1220245513;active
1624075088;2437.94;1220245513;active
186717221;1561.98;1220245513;active
1682659068;2669.02;1220245513;active
171924206;1406.05;1650279803;active
1950697274;4341.2;2138073026;active
294857394;23531.01;1549565295;active
1027486403;4087.74;447030984;active
372655536;2266.2;1730712129;active
1740340162;7524.33;1596475446;active
1090390331;2775.59;1916938220;active
1246048431;1256;1744653799;active
514991061;9916.93;1650279803;active
1486514683;487.39;1220245513;active
680491715;21084.62;1220245513;active
722088530;5336.28;1529571928;active
1267149412;871.78;653436976;active
1651971564;5327.89;1418467350;active
682571098;870.62;1220245513;active
2001020461;6410.8;1220245513;active
1182997996;3228.01;2036745586;active
283524160;2477.51;41771532;active
1682448540;7693.89;1171677109;active
1577145016;6090.66;1171677109;active
203896713;5785.11;117336285;active
1233606853;1301.87;1549565295;active
247867789;13914.54;1596475446;active
1390618117;498.82;117336285;active
787482436;3916.34;1744653799;active
1136927319;5617.92;1608629094;active
333667912;46324;412516114;active
1945786221;656.48;1800538819;active
983371473;520.94;1353686641;active
1244359320;5540.77;1519870751;active
1808543208;4018.39;367952151;active
1954887338;7102.08;460439755;active
1768571818;12184.44;580383620;active
1578451249;1054.37;2009024356;active
837046145;18388.49;2052762924;active
730408132;781.9;1353686641;active
1230011127;6649.5;1519870751;active
1867022033;523.33;1427472140;active
2046185000;389.69;1427472140;active
1613262188;12275.25;35342969;active
1485255006;17722.09;1188191809;active
358503437;5372.62;2009024356;active
2026331255;237.41;1427472140;active
144858326;12391.56;22914466;active
1643344551;1260.4;2009024356;active
285615887;58068.45;1848985262;active
1822707203;6851.08;540299069;active
905728779;543.24;1519870751;active
163150010;15944.01;1676690;active
703356650;1403.08;200086085;active
802499650;1799.92;22914466;active
1881621686;1283.97;1634341314;active
2089953595;22872.95;1595821019;active
1780175362;12925.75;580383620;active
412050656;4955.74;759469601;active
1242373047;48516.53;1140463416;active
1395878373;10039.36;214277156;active
985083299;33918.01;319448901;active
1292520948;18990.64;319448901;active
250305869;8309.8;319448901;active
1490121313;7476.11;164111488;active
318528308;35167.5;938814097;active
2054439925;23366.31;164111488;active
765097224;3616.69;1597553537;active
345057344;9849.87;938814097;active
1674930323;1993.09;841840218;active
528560009;409.47;1962649612;active
160900295;12532.99;602509681;active
1782726153;6844.64;1962649612;active
2134842930;2786.84;1057754015;active
1166242837;19920.3;269890812;active
2111460285;1364.23;1323379095;active
814227825;3607.07;569023848;active
1254063357;2607.07;273115377;active
1256749860;1540.15;1921719428;active
1009649605;5052.17;611085233;active
1705461610;14420.54;1823784407;active
554529640;1787.42;273115377;active
1490319877;815.49;1501788164;active
1082353045;8231.29;1097598679;active
1540305175;5444.81;569023848;active
44318557;10517.65;757108012;active
477326498;170.44;1401325964;active
1116343308;54.63;1401325964;active
2125990242;6106.44;186527162;active
622271056;90.94;1401325964;active
641403400;18.66;1401325964;active
28711268;1133.95;1419670361;active
349574870;1747.16;1419670361;active
614935914;10410.28;757108012;active
414517491;3062.72;1415516375;active
1616778968;13121.76;1419670361;active
573989287;1745.5;1419670361;active
1825779597;2394.88;245020161;active